season,SO2,NO2,CO,OZONE,PM10,PM25,id,city,population,popdense,area,other_frac,car_frac,pt_frac,Car,PT,Other,Temp,RH,Pressure,Wind,Precip
Winter,NA,NA,NA,0.0163072214286,NA,NA,AlesWinter,Ales,113769.0,451.503904752,251.97788724,NA,NA,NA,NA,NA,NA,35.7131567568,NA,1013.6451522,5.41679910919,138.6
Spring,NA,NA,NA,0.020696617284,NA,NA,AlesSpring,Ales,113769.0,451.503904752,251.97788724,NA,NA,NA,NA,NA,NA,54.4005111821,NA,1015.53681941,5.23574028541,279.5
Summer,NA,NA,NA,0.024568983871,NA,NA,AlesSummer,Ales,113769.0,451.503904752,251.97788724,NA,NA,NA,NA,NA,NA,63.9723762376,NA,1017.0278975,3.70330345831,90.8
Fall,NA,NA,NA,0.0217202383721,NA,NA,AlesFall,Ales,113769.0,451.503904752,251.97788724,NA,NA,NA,NA,NA,NA,45.3784554455,NA,1012.0496973,5.12193704776,216.4
Winter,NA,NA,NA,0.0254239772727,NA,NA,AngersWinter,Angers,403765.0,698.846543199,577.75917178,NA,NA,NA,NA,NA,NA,39.2480763116,NA,1013.65151033,6.45812011864,164.5
Spring,NA,NA,NA,0.0375168333333,NA,NA,AngersSpring,Angers,403765.0,698.846543199,577.75917178,NA,NA,NA,NA,NA,NA,56.2100956429,NA,1016.18315622,6.08157508183,130.3
Summer,NA,NA,NA,0.0334874354839,NA,NA,AngersSummer,Angers,403765.0,698.846543199,577.75917178,NA,NA,NA,NA,NA,NA,67.047337902,NA,1017.928097,5.06761239852,96.6
Fall,NA,NA,NA,0.0222281111111,NA,NA,AngersFall,Angers,403765.0,698.846543199,577.75917178,NA,NA,NA,NA,NA,NA,47.4991489362,NA,1011.7562234,5.39976323077,222.4
Winter,0.557955002009,16.4933167467,0.310687198345,0.0155403888889,34.7936507937,NA,ArrasWinter,Arras,128784.0,500.388799191,257.36787116,NA,NA,NA,NA,NA,NA,34.795971564,NA,NA,9.22482066847,NA
Spring,NA,9.45417052112,NA,0.0297713521127,25.3943661972,NA,ArrasSpring,Arras,128784.0,500.388799191,257.36787116,NA,NA,NA,NA,NA,NA,53.0042192047,NA,NA,8.89017061367,NA
Summer,0.557519083969,6.69700123343,0.157928883344,0.0279179782609,21.6212121212,NA,ArrasSummer,Arras,128784.0,500.388799191,257.36787116,NA,NA,NA,NA,NA,NA,63.6987951807,NA,NA,7.36207592631,NA
Fall,NA,15.8051519757,NA,0.0135849859155,25.1304347826,NA,ArrasFall,Arras,128784.0,500.388799191,257.36787116,NA,NA,NA,NA,NA,NA,43.9304304553,NA,NA,8.48673095596,NA
Winter,1.37222616723,NA,NA,0.0234443352273,NA,NA,AvignonWinter,Avignon,515536.0,1527.41158426,337.52264636,NA,NA,NA,NA,NA,NA,40.6702953586,NA,NA,8.21552367588,13.6
Spring,0.652921967769,NA,NA,0.0392336666667,NA,NA,AvignonSpring,Avignon,515536.0,1527.41158426,337.52264636,NA,NA,NA,NA,NA,NA,60.141902834,NA,NA,6.87623491436,80.6
Summer,0.522079322934,NA,NA,0.0449147150538,NA,NA,AvignonSummer,Avignon,515536.0,1527.41158426,337.52264636,NA,NA,NA,NA,NA,NA,71.9015728288,NA,NA,5.77315590396,231.2
Fall,0.623642917727,NA,NA,0.0237838666667,NA,NA,AvignonFall,Avignon,515536.0,1527.41158426,337.52264636,NA,NA,NA,NA,NA,NA,49.2569349918,NA,NA,6.64171141893,306.3
Winter,NA,21.0144765474,0.335132044084,NA,39.0,NA,BayonneWinter,Bayonne,288359.0,975.263046241,295.67305058,0.29,0.63,0.08,181666.17,23068.72,83624.11,45.0976175549,NA,1013.21137966,6.7977507122,332.6
Spring,NA,13.3201441318,0.243350535927,NA,29.0879120879,NA,BayonneSpring,Bayonne,288359.0,975.263046241,295.67305058,0.29,0.63,0.08,181666.17,23068.72,83624.11,57.3220057307,NA,1016.52267585,6.5195972909,379.7
Summer,NA,12.3563658202,0.223026717378,NA,28.0769230769,NA,BayonneSummer,Bayonne,288359.0,975.263046241,295.67305058,0.29,0.63,0.08,181666.17,23068.72,83624.11,67.1124666667,NA,1018.7624871,5.11856268444,123.4
Fall,NA,17.5693000484,0.277661203425,NA,24.7666666667,NA,BayonneFall,Bayonne,288359.0,975.263046241,295.67305058,0.29,0.63,0.08,181666.17,23068.72,83624.11,52.5463724036,NA,1012.66278697,6.53723745536,565.1
Winter,3.00676613463,5.80346780879,NA,NA,23.8630136986,NA,BeauvaisWinter,Beauvais,125095.0,430.861198854,290.33712094,NA,NA,NA,NA,NA,NA,35.1555029586,NA,1013.53416959,7.6116817343,145.8
Spring,0.628880407125,5.27890625,NA,NA,26.6219512195,NA,BeauvaisSpring,Beauvais,125095.0,430.861198854,290.33712094,NA,NA,NA,NA,NA,NA,51.8130136481,NA,1015.99468524,7.25458870085,102.8
Summer,0.568897024459,6.34285714286,NA,NA,33.0843373494,NA,BeauvaisSummer,Beauvais,125095.0,430.861198854,290.33712094,NA,NA,NA,NA,NA,NA,62.9566943867,NA,1016.84816491,6.02731843659,134.2
Fall,1.24439476554,5.75457583197,NA,NA,30.347826087,NA,BeauvaisFall,Beauvais,125095.0,430.861198854,290.33712094,NA,NA,NA,NA,NA,NA,43.3283851949,NA,1011.05278059,6.78459372945,150.1
Winter,0.907605829285,16.0651116149,NA,0.0154082786885,34.8888888889,NA,BethuneWinter,Bethune,368633.0,2104.28343278,175.18219944,0.23,0.73,0.04,269102.09,14745.32,84785.59,NA,NA,NA,NA,NA
Spring,0.582490458015,9.82505641522,NA,0.0275631712329,25.2777777778,NA,BethuneSpring,Bethune,368633.0,2104.28343278,175.18219944,0.23,0.73,0.04,269102.09,14745.32,84785.59,NA,NA,NA,NA,NA
Summer,0.651652045118,5.0589330413,NA,0.0248870217391,19.9253731343,NA,BethuneSummer,Bethune,368633.0,2104.28343278,175.18219944,0.23,0.73,0.04,269102.09,14745.32,84785.59,NA,NA,NA,NA,NA
Fall,0.985683553088,10.7744930186,NA,0.0139857101449,25.7042253521,NA,BethuneFall,Bethune,368633.0,2104.28343278,175.18219944,0.23,0.73,0.04,269102.09,14745.32,84785.59,NA,NA,NA,NA,NA
Winter,0.247084146991,14.8289266077,NA,0.0216394044944,24.191011236,NA,BordeauxWinter,Bordeaux,1158431.0,800.769656413,1446.6469736,0.24,0.67,0.09,776148.77,104258.79,278023.44,41.4565853659,NA,1013.52127255,7.2653797267,156.6
Spring,0.220233111713,6.74053992221,NA,0.035522844086,17.5595238095,NA,BordeauxSpring,Bordeaux,1158431.0,800.769656413,1446.6469736,0.24,0.67,0.09,776148.77,104258.79,278023.44,58.7023178484,NA,1015.99272122,7.09280547029,196.1
Summer,0.126701140934,5.82202013269,NA,0.0323982150538,16.8977272727,NA,BordeauxSummer,Bordeaux,1158431.0,800.769656413,1446.6469736,0.24,0.67,0.09,776148.77,104258.79,278023.44,69.4001588089,NA,1018.01022467,5.42890877221,36.6
Fall,0.0852290076336,13.2978347935,NA,0.0193677388889,18.4719101124,NA,BordeauxFall,Bordeaux,1158431.0,800.769656413,1446.6469736,0.24,0.67,0.09,776148.77,104258.79,278023.44,50.6175369979,NA,1012.50019822,6.50549412262,344.3
Winter,NA,18.9364272054,NA,NA,33.632183908,NA,Boulogne-sur-MerWinter,Boulogne-sur-Mer,133062.0,929.044721526,143.2245369,NA,NA,NA,NA,NA,NA,NA,NA,NA,NA,NA
Spring,NA,14.4608882338,NA,NA,30.7906976744,NA,Boulogne-sur-MerSpring,Boulogne-sur-Mer,133062.0,929.044721526,143.2245369,NA,NA,NA,NA,NA,NA,NA,NA,NA,NA,NA
Summer,NA,10.4273673135,NA,NA,21.4175824176,NA,Boulogne-sur-MerSummer,Boulogne-sur-Mer,133062.0,929.044721526,143.2245369,NA,NA,NA,NA,NA,NA,NA,NA,NA,NA,NA
Fall,NA,15.2495932416,NA,NA,28.0470588235,NA,Boulogne-sur-MerFall,Boulogne-sur-Mer,133062.0,929.044721526,143.2245369,NA,NA,NA,NA,NA,NA,NA,NA,NA,NA,NA
Winter,NA,NA,NA,NA,NA,NA,BourgesWinter,Bourges,139968.0,318.67542629,439.21805214,NA,NA,NA,NA,NA,NA,37.0423814774,NA,1013.74321192,6.61848587431,119.2
Spring,NA,NA,NA,NA,NA,NA,BourgesSpring,Bourges,139968.0,318.67542629,439.21805214,NA,NA,NA,NA,NA,NA,55.9839001063,NA,1015.8109458,6.23939588523,180.1
Summer,NA,NA,NA,NA,NA,NA,BourgesSummer,Bourges,139968.0,318.67542629,439.21805214,NA,NA,NA,NA,NA,NA,67.1498662207,NA,1017.21550474,4.85916513647,122.4
Fall,NA,NA,NA,NA,NA,NA,BourgesFall,Bourges,139968.0,318.67542629,439.21805214,NA,NA,NA,NA,NA,NA,46.3198019802,NA,1011.72378855,5.90647224642,211.4
Winter,0.204575864139,13.1234341382,NA,0.0254890505618,34.3820224719,14.1029411765,BrestWinter,Brest,314844.0,842.590827926,373.66179356,0.26,0.66,0.08,207797.04,25187.52,81859.44,41.6754221388,NA,1012.16116992,9.64908682176,320.1
Spring,0.15269272712,7.32993920973,NA,0.0347532142857,28.5604395604,17.6483516484,BrestSpring,Brest,314844.0,842.590827926,373.66179356,0.26,0.66,0.08,207797.04,25187.52,81859.44,52.7924303797,NA,1016.40869336,9.15064730464,190.4
Summer,0.0885578264795,5.66792495996,NA,0.0252431774194,19.6129032258,13.0967741935,BrestSummer,Brest,314844.0,842.590827926,373.66179356,0.26,0.66,0.08,207797.04,25187.52,81859.44,61.4246206897,NA,1017.7622544,7.89057534406,284.5
Fall,0.235234582726,13.115998818,NA,0.0231973111111,20.7888888889,13.5405405405,BrestFall,Brest,314844.0,842.590827926,373.66179356,0.26,0.66,0.08,207797.04,25187.52,81859.44,49.1943231441,NA,1010.29982729,9.11391264921,510.0
Winter,0.363347212584,14.8184080547,0.228446662508,0.0171400561798,29.3863636364,NA,Brive-la-GaillardeWinter,Brive-la-Gaillarde,101435.0,355.684319202,285.18265924,NA,NA,NA,NA,NA,NA,39.0390196078,NA,1013.23150985,3.71352888501,190.3
Spring,NA,7.26227635397,NA,0.0307118097826,18.5824175824,NA,Brive-la-GaillardeSpring,Brive-la-Gaillarde,101435.0,355.684319202,285.18265924,NA,NA,NA,NA,NA,NA,57.2633668608,NA,1015.94981173,3.8211016792,330.6
Summer,NA,5.72371882864,NA,0.0280525860215,15.6559139785,NA,Brive-la-GaillardeSummer,Brive-la-Gaillarde,101435.0,355.684319202,285.18265924,NA,NA,NA,NA,NA,NA,67.7078454209,NA,1017.66754897,3.09079821281,200.1
Fall,NA,11.6046276596,NA,0.0153150388889,16.7840909091,NA,Brive-la-GaillardeFall,Brive-la-Gaillarde,101435.0,355.684319202,285.18265924,NA,NA,NA,NA,NA,NA,47.7900773481,NA,1012.41618785,3.31935663018,201.7
Winter,0.729548346056,13.7230663329,NA,0.0218214337349,24.2151898734,19.6708860759,CaenWinter,Caen,403633.0,667.231583379,604.93689156,NA,NA,NA,NA,NA,NA,37.8753730273,NA,1013.52150101,8.37656991105,158.2
Spring,0.384086214639,8.47826584306,NA,0.0331367849462,24.5824175824,16.6774193548,CaenSpring,Caen,403633.0,667.231583379,604.93689156,NA,NA,NA,NA,NA,NA,51.8706420022,NA,1016.60091884,7.36974115633,101.1
Summer,0.116609209554,6.34360558225,NA,0.0266857956989,15.4642857143,12.0459770115,CaenSummer,Caen,403633.0,667.231583379,604.93689156,NA,NA,NA,NA,NA,NA,62.0366835994,NA,1017.3667505,6.88638469666,150.3
Fall,0.40585389668,12.4291758376,NA,0.0190623793103,27.3098591549,17.4426229508,CaenFall,Caen,403633.0,667.231583379,604.93689156,NA,NA,NA,NA,NA,NA,46.1346806283,NA,1010.95859296,7.80467025759,300.3
Winter,1.24544986706,NA,NA,NA,31.4719101124,27.3707865169,CalaisWinter,Calais,126266.0,972.139039907,129.8847128,NA,NA,NA,NA,NA,NA,NA,NA,NA,NA,NA
Spring,1.37226463104,NA,NA,NA,27.2580645161,16.7173913043,CalaisSpring,Calais,126266.0,972.139039907,129.8847128,NA,NA,NA,NA,NA,NA,NA,NA,NA,NA,NA
Summer,0.663375555742,NA,NA,NA,21.935483871,10.9868421053,CalaisSummer,Calais,126266.0,972.139039907,129.8847128,NA,NA,NA,NA,NA,NA,NA,NA,NA,NA,NA
Fall,0.626309854268,NA,NA,NA,26.0909090909,19.4666666667,CalaisFall,Calais,126266.0,972.139039907,129.8847128,NA,NA,NA,NA,NA,NA,NA,NA,NA,NA,NA
Winter,NA,NA,NA,NA,NA,NA,Cayenne (Guyane)Winter,Cayenne (Guyane),121490.0,61.8685318322,1963.68002282,NA,NA,NA,NA,NA,NA,NA,NA,NA,NA,NA
Spring,NA,NA,NA,NA,NA,NA,Cayenne (Guyane)Spring,Cayenne (Guyane),121490.0,61.8685318322,1963.68002282,NA,NA,NA,NA,NA,NA,NA,NA,NA,NA,NA
Summer,NA,NA,NA,NA,NA,NA,Cayenne (Guyane)Summer,Cayenne (Guyane),121490.0,61.8685318322,1963.68002282,NA,NA,NA,NA,NA,NA,NA,NA,NA,NA,NA
Fall,NA,NA,NA,NA,NA,NA,Cayenne (Guyane)Fall,Cayenne (Guyane),121490.0,61.8685318322,1963.68002282,NA,NA,NA,NA,NA,NA,NA,NA,NA,NA,NA
Winter,NA,22.5468145551,0.446387455339,NA,30.3863636364,24.6279069767,Chalon-sur-SaoneWinter,Chalon-sur-Saone,133557.0,339.661414072,393.2062768,NA,NA,NA,NA,NA,NA,36.2860414395,NA,1013.6673492,5.56464120044,136.3
Spring,NA,15.9156943491,0.27311827957,NA,23.5913978495,13.0,Chalon-sur-SaoneSpring,Chalon-sur-Saone,133557.0,339.661414072,393.2062768,NA,NA,NA,NA,NA,NA,56.7201280683,NA,1015.08161411,5.49357812593,258.7
Summer,NA,17.1451040952,0.236023853125,NA,21.4337349398,12.6785714286,Chalon-sur-SaoneSummer,Chalon-sur-Saone,133557.0,339.661414072,393.2062768,NA,NA,NA,NA,NA,NA,67.7775545852,NA,1016.84299945,4.28185934498,168.3
Fall,NA,19.9727998066,0.348869480835,NA,26.6179775281,16.8644067797,Chalon-sur-SaoneFall,Chalon-sur-Saone,133557.0,339.661414072,393.2062768,NA,NA,NA,NA,NA,NA,46.0036807095,NA,1012.12912181,4.71405457571,212.7
Winter,1.65486319581,13.0445075305,NA,0.0197742078652,27.2873563218,27.7159090909,ChamberyWinter,Chambery,217356.0,NA,NA,0.3,0.64,0.06,139107.84,13041.36,65206.8,30.7758016529,NA,NA,5.2308038259,123.8
Spring,1.90161479742,9.13287234043,NA,0.0333323131868,18.3626373626,19.0549450549,ChamberySpring,Chambery,217356.0,NA,NA,0.3,0.64,0.06,139107.84,13041.36,65206.8,49.7958350951,NA,NA,5.59591549022,259.9
Summer,1.9340785169,8.10873774803,NA,0.0351381777778,18.1685393258,16.8666666667,ChamberySummer,Chambery,217356.0,NA,NA,0.3,0.64,0.06,139107.84,13041.36,65206.8,61.5337133183,NA,NA,4.16095716798,149.3
Fall,1.3626547922,12.1165307329,NA,0.0202808444444,21.1724137931,14.1333333333,ChamberyFall,Chambery,217356.0,NA,NA,0.3,0.64,0.06,139107.84,13041.36,65206.8,40.8596758509,NA,NA,5.42815482226,267.2
Winter,0.349874219292,14.4749455996,NA,0.0176245238095,29.7159090909,NA,Charleville-MezieresWinter,Charleville-Mezieres,106835.0,334.305710336,319.57276438,NA,NA,NA,NA,NA,NA,34.4825081788,NA,1013.73173391,5.16960988675,154.0
Spring,0.363380221288,8.64518583356,NA,0.0298376123596,25.3068181818,NA,Charleville-MezieresSpring,Charleville-Mezieres,106835.0,334.305710336,319.57276438,NA,NA,NA,NA,NA,NA,52.4849325418,NA,1016.11332974,4.58918001724,160.8
Summer,0.159280617325,7.00716083276,NA,0.0287476741573,21.2906976744,NA,Charleville-MezieresSummer,Charleville-Mezieres,106835.0,334.305710336,319.57276438,NA,NA,NA,NA,NA,NA,62.5763083377,NA,1016.80409019,3.6902396478,258.2
Fall,0.11975826972,12.0495921986,NA,0.0143568465909,25.3157894737,NA,Charleville-MezieresFall,Charleville-Mezieres,106835.0,334.305710336,319.57276438,NA,NA,NA,NA,NA,NA,43.4028129995,NA,1011.46771444,4.67381156313,223.0
Winter,0.196632240683,11.5376345432,NA,0.0261330333333,19.0714285714,NA,Cherbourg-OctevilleWinter,Cherbourg-Octeville,116517.0,687.201731951,169.55283228,NA,NA,NA,NA,NA,NA,39.3770877797,NA,1013.38925234,10.3445744799,206.8
Spring,0.350422720184,11.6401452757,NA,0.0313256182796,20.7741935484,NA,Cherbourg-OctevilleSpring,Cherbourg-Octeville,116517.0,687.201731951,169.55283228,NA,NA,NA,NA,NA,NA,50.585148733,NA,1016.84022717,8.75120478708,135.3
Summer,0.127769394639,6.70993617021,NA,0.0272348895349,15.0823529412,NA,Cherbourg-OctevilleSummer,Cherbourg-Octeville,116517.0,687.201731951,169.55283228,NA,NA,NA,NA,NA,NA,60.5435849057,NA,1017.36993613,8.26425409811,132.6
Fall,0.212393612354,8.24546343849,NA,0.0291138850575,15.0459770115,NA,Cherbourg-OctevilleFall,Cherbourg-Octeville,116517.0,687.201731951,169.55283228,NA,NA,NA,NA,NA,NA,47.3642017417,NA,1011.23444767,9.72604401016,363.6
Winter,0.852620293336,27.8823332536,0.520121681959,NA,32.7727272727,23.1860465116,Clermont-FerrandWinter,Clermont-Ferrand,469922.0,502.980829732,934.27417552,0.28,0.65,0.07,305449.3,32894.54,131578.16,35.4960458716,NA,1013.5847779,5.87583598532,80.7
Spring,0.498292702947,18.7979775544,0.279832840306,NA,21.4666666667,14.4193548387,Clermont-FerrandSpring,Clermont-Ferrand,469922.0,502.980829732,934.27417552,0.28,0.65,0.07,305449.3,32894.54,131578.16,53.9969424965,NA,1015.10199778,5.30191906455,313.3
Summer,0.698887794468,18.6985415237,0.222979762408,NA,19.3548387097,12.0217391304,Clermont-FerrandSummer,Clermont-Ferrand,469922.0,502.980829732,934.27417552,0.28,0.65,0.07,305449.3,32894.54,131578.16,65.354,NA,1017.03208741,3.50696936788,165.4
Fall,0.562989821883,25.9735756501,0.419602134886,NA,22.8777777778,16.6333333333,Clermont-FerrandFall,Clermont-Ferrand,469922.0,502.980829732,934.27417552,0.28,0.65,0.07,305449.3,32894.54,131578.16,45.3178656126,NA,1012.16132686,5.49380234343,214.9
Winter,NA,21.8983918852,NA,0.0150565505618,35.023255814,NA,ColmarWinter,Colmar,127625.0,960.530521349,132.86928126,NA,NA,NA,NA,NA,NA,34.0046934918,NA,1014.46985466,5.44915622576,147.0
Spring,NA,11.5595229925,NA,0.0335075376344,22.5185185185,NA,ColmarSpring,Colmar,127625.0,960.530521349,132.86928126,NA,NA,NA,NA,NA,NA,55.4330464992,NA,1015.40944993,5.5398140989,200.3
Summer,NA,9.94727612813,NA,0.0336933369565,17.0789473684,NA,ColmarSummer,Colmar,127625.0,960.530521349,132.86928126,NA,NA,NA,NA,NA,NA,65.8928921569,NA,1016.83150622,4.05424155744,196.4
Fall,NA,17.4866583229,NA,0.0109369044944,22.5287356322,NA,ColmarFall,Colmar,127625.0,960.530521349,132.86928126,NA,NA,NA,NA,NA,NA,43.4771695179,NA,1012.48,4.67690524002,215.8
Winter,NA,18.0856143916,NA,0.0169563176471,32.1011235955,NA,CreilWinter,Creil,117654.0,1976.92089178,59.51376228,NA,NA,NA,NA,NA,NA,35.9750797872,NA,1013.46737884,6.41906778051,108.8
Spring,NA,12.0884201516,NA,0.0286565872093,27.9782608696,NA,CreilSpring,Creil,117654.0,1976.92089178,59.51376228,NA,NA,NA,NA,NA,NA,54.0622290076,NA,1015.5126242,6.93204010178,117.7
Summer,NA,9.40932379555,NA,0.0264295833333,21.5888888889,NA,CreilSummer,Creil,117654.0,1976.92089178,59.51376228,NA,NA,NA,NA,NA,NA,64.4992975207,NA,1016.63292411,5.25231726171,162.0
Fall,NA,15.9707318636,NA,0.0130275117647,29.0119047619,NA,CreilFall,Creil,117654.0,1976.92089178,59.51376228,NA,NA,NA,NA,NA,NA,43.3361005803,NA,1011.30379274,6.12869816944,175.9
Winter,NA,11.3854769304,NA,0.0217345561798,33.9692307692,NA,DijonWinter,Dijon,377590.0,432.501022551,873.03839832,NA,NA,NA,NA,NA,NA,35.2137226277,NA,1013.87606715,7.03530558637,151.5
Spring,NA,5.89216426447,NA,0.0359147258065,20.978021978,NA,DijonSpring,Dijon,377590.0,432.501022551,873.03839832,NA,NA,NA,NA,NA,NA,54.5395831836,NA,1015.65326683,6.4599328092,244.3
Summer,NA,4.42479905437,NA,0.0373404722222,19.2117647059,NA,DijonSummer,Dijon,377590.0,432.501022551,873.03839832,NA,NA,NA,NA,NA,NA,65.4014977974,NA,1017.23062471,5.0266847242,164.9
Fall,NA,9.08945556946,NA,0.0200904388889,17.3472222222,NA,DijonFall,Dijon,377590.0,432.501022551,873.03839832,NA,NA,NA,NA,NA,NA,44.3332790944,NA,1012.45554484,5.88204059406,217.2
Winter,1.58708253817,20.4669832827,NA,0.013246234375,33.15625,NA,Douai - LensWinter,Douai - Lens,540981.0,2068.95090703,261.47599644,0.3,0.66,0.04,357047.46,21639.24,162294.3,35.814359116,NA,1013.41362991,8.22360370149,110.3
Spring,0.600328668363,12.3631279551,NA,0.0257662260274,20.9726027397,NA,Douai - LensSpring,Douai - Lens,540981.0,2068.95090703,261.47599644,0.3,0.66,0.04,357047.46,21639.24,162294.3,53.541579363,NA,1016.11944049,8.50423590609,99.2
Summer,0.575539329572,6.07762102991,NA,0.025030115942,19.5507246377,NA,Douai - LensSummer,Douai - Lens,540981.0,2068.95090703,261.47599644,0.3,0.66,0.04,357047.46,21639.24,162294.3,64.9118465228,NA,1016.21694993,7.06505299867,198.7
Fall,1.03592764686,15.0910987367,NA,0.0114213521127,22.2394366197,NA,Douai - LensFall,Douai - Lens,540981.0,2068.95090703,261.47599644,0.3,0.66,0.04,357047.46,21639.24,162294.3,44.8837098949,NA,1010.74342231,7.93981054153,270.3
Winter,NA,NA,NA,NA,NA,NA,DunkerqueWinter,Dunkerque,257773.0,883.294452939,291.83133568,0.27,0.66,0.07,170130.18,18044.11,69598.71,37.5171095818,NA,1013.45738486,7.34077135946,195.4
Spring,NA,NA,NA,NA,NA,NA,DunkerqueSpring,Dunkerque,257773.0,883.294452939,291.83133568,0.27,0.66,0.07,170130.18,18044.11,69598.71,51.9973599138,NA,1016.55080819,7.70525601294,148.8
Summer,NA,NA,NA,NA,NA,NA,DunkerqueSummer,Dunkerque,257773.0,883.294452939,291.83133568,0.27,0.66,0.07,170130.18,18044.11,69598.71,62.9201102536,NA,1016.60468578,7.01754100992,176.6
Fall,NA,NA,NA,NA,NA,NA,DunkerqueFall,Dunkerque,257773.0,883.294452939,291.83133568,0.27,0.66,0.07,170130.18,18044.11,69598.71,47.0653057385,NA,1013.844873,6.76979309878,169.2
Winter,NA,9.1108826912,0.345964952078,NA,43.9215686275,NA,Fort-de-France (Martinique)Winter,Fort-de-France (Martinique),126873.0,2585.16006965,49.07742522,NA,NA,NA,NA,NA,NA,NA,NA,NA,NA,NA
Spring,NA,16.8751877347,0.561350800582,NA,55.825,NA,Fort-de-France (Martinique)Spring,Fort-de-France (Martinique),126873.0,2585.16006965,49.07742522,NA,NA,NA,NA,NA,NA,NA,NA,NA,NA,NA
Summer,NA,12.4607434438,0.775555344598,NA,43.4555555556,NA,Fort-de-France (Martinique)Summer,Fort-de-France (Martinique),126873.0,2585.16006965,49.07742522,NA,NA,NA,NA,NA,NA,NA,NA,NA,NA,NA
Fall,NA,8.64741725768,0.942804463852,NA,31.3170731707,NA,Fort-de-France (Martinique)Fall,Fort-de-France (Martinique),126873.0,2585.16006965,49.07742522,NA,NA,NA,NA,NA,NA,NA,NA,NA,NA,NA
Winter,1.50111711041,18.6652880708,NA,0.0157786292135,NA,NA,GrenobleWinter,Grenoble,679863.0,671.063781588,1013.1123429,0.26,0.64,0.1,435112.32,67986.3,176764.38,33.503287395,NA,1013.89838302,6.20226045161,158.9
Spring,1.26299089488,7.04475601295,NA,0.0293619728261,NA,NA,GrenobleSpring,Grenoble,679863.0,671.063781588,1013.1123429,0.26,0.64,0.1,435112.32,67986.3,176764.38,53.5862673797,NA,1014.96954474,5.62854291052,445.1
Summer,2.10338740458,5.7245616086,NA,0.0338380268817,NA,NA,GrenobleSummer,Grenoble,679863.0,671.063781588,1013.1123429,0.26,0.64,0.1,435112.32,67986.3,176764.38,65.9030870406,NA,1016.5708967,5.06150078268,150.9
Fall,1.54861068702,11.4827685842,NA,0.0148138944444,NA,NA,GrenobleFall,Grenoble,679863.0,671.063781588,1013.1123429,0.26,0.64,0.1,435112.32,67986.3,176764.38,43.8577040976,NA,1012.74254254,5.85553679074,258.7
Winter,1.9981925068,NA,NA,NA,NA,NA,Le HavreWinter,Le Havre,290890.0,1227.31885247,237.01257372,0.35,0.57,0.08,165807.3,23271.2,101811.5,38.6217040359,NA,1013.53566729,9.45035242464,133.3
Spring,2.01771320693,NA,NA,NA,NA,NA,Le HavreSpring,Le Havre,290890.0,1227.31885247,237.01257372,0.35,0.57,0.08,165807.3,23271.2,101811.5,52.2918340091,NA,1017.15014426,9.00202997666,109.4
Summer,2.55683289081,NA,NA,NA,NA,NA,Le HavreSummer,Le Havre,290890.0,1227.31885247,237.01257372,0.35,0.57,0.08,165807.3,23271.2,101811.5,63.0817830609,NA,1017.26304945,7.74157501164,147.3
Fall,1.46799830365,NA,NA,NA,NA,NA,Le HavreFall,Le Havre,290890.0,1227.31885247,237.01257372,0.35,0.57,0.08,165807.3,23271.2,101811.5,47.4752953003,NA,1010.97003303,9.33699185707,326.2
Winter,NA,NA,NA,NA,NA,NA,LilleWinter,Lille,1166452.0,3110.91002421,374.95523526,0.34,0.57,0.1,664877.64,116645.2,396593.68,NA,NA,NA,NA,NA
Spring,NA,NA,NA,NA,NA,NA,LilleSpring,Lille,1166452.0,3110.91002421,374.95523526,0.34,0.57,0.1,664877.64,116645.2,396593.68,NA,NA,NA,NA,NA
Summer,NA,NA,NA,NA,NA,NA,LilleSummer,Lille,1166452.0,3110.91002421,374.95523526,0.34,0.57,0.1,664877.64,116645.2,396593.68,NA,NA,NA,NA,NA
Fall,NA,NA,NA,NA,NA,NA,LilleFall,Lille,1166452.0,3110.91002421,374.95523526,0.34,0.57,0.1,664877.64,116645.2,396593.68,NA,NA,NA,NA,NA
Winter,NA,7.72606382979,NA,NA,19.2,NA,LimogesWinter,Limoges,282971.0,374.105728038,756.3931231,0.24,0.69,0.07,195249.99,19807.97,67913.04,35.5148547718,NA,1013.43283057,7.15009353414,196.4
Spring,NA,NA,NA,NA,NA,NA,LimogesSpring,Limoges,282971.0,374.105728038,756.3931231,0.24,0.69,0.07,195249.99,19807.97,67913.04,53.1578074357,NA,1015.84949597,6.77738217027,299.8
Summer,NA,NA,NA,NA,NA,NA,LimogesSummer,Limoges,282971.0,374.105728038,756.3931231,0.24,0.69,0.07,195249.99,19807.97,67913.04,64.9091428571,NA,1017.45874126,5.01518466955,103.5
Fall,NA,NA,NA,NA,NA,NA,LimogesFall,Limoges,282971.0,374.105728038,756.3931231,0.24,0.69,0.07,195249.99,19807.97,67913.04,44.7473114463,NA,1012.47135704,6.42854013025,303.5
Winter,NA,11.9720373577,NA,0.0236274302326,35.869047619,32.625,LorientWinter,Lorient,215591.0,1116.93542162,193.02011184,0.26,0.66,0.08,142290.06,17247.28,56053.66,NA,NA,NA,NA,NA
Spring,NA,5.96868565546,NA,0.0352459120879,28.0227272727,19.5,LorientSpring,Lorient,215591.0,1116.93542162,193.02011184,0.26,0.66,0.08,142290.06,17247.28,56053.66,NA,NA,NA,NA,NA
Summer,NA,3.52261256804,NA,0.0266873012048,22.8813559322,20.0,LorientSummer,Lorient,215591.0,1116.93542162,193.02011184,0.26,0.66,0.08,142290.06,17247.28,56053.66,NA,NA,NA,NA,NA
Fall,NA,10.3167021277,NA,0.0209440411765,21.7738095238,NA,LorientFall,Lorient,215591.0,1116.93542162,193.02011184,0.26,0.66,0.08,142290.06,17247.28,56053.66,NA,NA,NA,NA,NA
Winter,NA,NA,NA,NA,NA,NA,LyonWinter,Lyon,2214068.0,1795.63996786,1233.02445904,0.34,0.51,0.15,1129174.68,332110.2,752783.12,36.6927861089,NA,1013.86726343,6.30589673875,140.3
Spring,NA,NA,NA,NA,NA,NA,LyonSpring,Lyon,2214068.0,1795.63996786,1233.02445904,0.34,0.51,0.15,1129174.68,332110.2,752783.12,57.3382474227,NA,1014.94451648,6.60062267354,285.2
Summer,NA,NA,NA,NA,NA,NA,LyonSummer,Lyon,2214068.0,1795.63996786,1233.02445904,0.34,0.51,0.15,1129174.68,332110.2,752783.12,69.2029248292,NA,1016.60432432,5.15122023851,180.4
Fall,NA,NA,NA,NA,NA,NA,LyonFall,Lyon,2214068.0,1795.63996786,1233.02445904,0.34,0.51,0.15,1129174.68,332110.2,752783.12,47.2067163068,NA,1012.31137194,6.45359228635,242.8
Winter,2.74814182403,NA,NA,NA,NA,NA,Marseille - Aix-en-ProvenceWinter,Marseille - Aix-en-Provence,1727070.0,1424.86489148,1212.09386962,0.35,0.54,0.11,932617.8,189977.7,604474.5,43.6518375846,NA,1011.41819923,9.56655985043,195.3
Spring,4.25782442748,NA,NA,NA,NA,NA,Marseille - Aix-en-ProvenceSpring,Marseille - Aix-en-Provence,1727070.0,1424.86489148,1212.09386962,0.35,0.54,0.11,932617.8,189977.7,604474.5,61.634939759,NA,1013.90705607,9.60879273985,149.7
Summer,3.42166953952,NA,NA,NA,NA,NA,Marseille - Aix-en-ProvenceSummer,Marseille - Aix-en-Provence,1727070.0,1424.86489148,1212.09386962,0.35,0.54,0.11,932617.8,189977.7,604474.5,74.8369050218,NA,1014.80373747,9.46932318777,76.3
Fall,3.59949395317,NA,NA,NA,NA,NA,Marseille - Aix-en-ProvenceFall,Marseille - Aix-en-Provence,1727070.0,1424.86489148,1212.09386962,0.35,0.54,0.11,932617.8,189977.7,604474.5,53.3792096774,NA,1011.17524272,10.27070203,189.7
Winter,0.535176065009,15.4696928042,0.273619316722,0.0178202267442,31.4698795181,NA,MaubeugeWinter,Maubeuge,129931.0,986.254457217,131.74186342,0.25,0.7,0.05,90951.7,6496.55,32482.75,34.8728851702,NA,1013.62410758,8.98305266373,98.7
Spring,NA,10.463262801,0.180941290636,0.0307665617978,26.3086419753,NA,MaubeugeSpring,Maubeuge,129931.0,986.254457217,131.74186342,0.25,0.7,0.05,90951.7,6496.55,32482.75,53.1802708804,NA,1015.88932347,8.59256262212,95.3
Summer,0.273712699514,6.96261982698,0.19334900907,0.0282137321429,19.1234567901,NA,MaubeugeSummer,Maubeuge,129931.0,986.254457217,131.74186342,0.25,0.7,0.05,90951.7,6496.55,32482.75,64.2789795376,NA,1016.51679705,7.39743701594,184.8
Fall,NA,13.4655673759,NA,0.0137863611111,23.6704545455,NA,MaubeugeFall,Maubeuge,129931.0,986.254457217,131.74186342,0.25,0.7,0.05,90951.7,6496.55,32482.75,43.5048200206,NA,1010.98444549,8.0603893886,217.0
Winter,1.98385132679,NA,NA,NA,28.7976190476,NA,MetzWinter,Metz,389700.0,552.799976475,704.95661466,NA,NA,NA,NA,NA,NA,NA,NA,NA,NA,NA
Spring,2.29747979344,NA,NA,NA,20.9462365591,NA,MetzSpring,Metz,389700.0,552.799976475,704.95661466,NA,NA,NA,NA,NA,NA,NA,NA,NA,NA,NA
Summer,0.582552723509,NA,NA,NA,17.9565217391,NA,MetzSummer,Metz,389700.0,552.799976475,704.95661466,NA,NA,NA,NA,NA,NA,NA,NA,NA,NA,NA
Fall,1.91064095815,NA,NA,NA,16.9222222222,NA,MetzFall,Metz,389700.0,552.799976475,704.95661466,NA,NA,NA,NA,NA,NA,NA,NA,NA,NA,NA
Winter,NA,NA,NA,0.0225895977011,NA,NA,MontpellierWinter,Montpellier,569956.0,976.781031562,583.50436954,0.28,0.64,0.08,364771.84,45596.48,159587.68,43.200756193,NA,1012.29568194,9.12954318992,273.3
Spring,NA,NA,NA,0.0370972526882,NA,NA,MontpellierSpring,Montpellier,569956.0,976.781031562,583.50436954,0.28,0.64,0.08,364771.84,45596.48,159587.68,60.2560556258,NA,1014.69058085,8.53905238601,102.5
Summer,NA,NA,NA,0.0390254347826,NA,NA,MontpellierSummer,Montpellier,569956.0,976.781031562,583.50436954,0.28,0.64,0.08,364771.84,45596.48,159587.68,73.817168784,NA,1015.75146354,7.33517372777,94.7
Fall,NA,NA,NA,0.0219041555556,NA,NA,MontpellierFall,Montpellier,569956.0,976.781031562,583.50436954,0.28,0.64,0.08,364771.84,45596.48,159587.68,52.3809731959,NA,1011.59622839,8.32460501773,224.5
Winter,NA,22.6035239362,0.299514253471,NA,NA,NA,MulhouseWinter,Mulhouse,284739.0,1452.68669458,196.00854132,NA,NA,NA,NA,NA,NA,NA,NA,NA,NA,NA
Spring,NA,12.7152367879,0.122561863173,NA,NA,NA,MulhouseSpring,Mulhouse,284739.0,1452.68669458,196.00854132,NA,NA,NA,NA,NA,NA,NA,NA,NA,NA,NA
Summer,NA,10.3096207216,0.183434592747,NA,NA,NA,MulhouseSummer,Mulhouse,284739.0,1452.68669458,196.00854132,NA,NA,NA,NA,NA,NA,NA,NA,NA,NA,NA
Fall,NA,17.7575428487,0.344310877778,NA,NA,NA,MulhouseFall,Mulhouse,284739.0,1452.68669458,196.00854132,NA,NA,NA,NA,NA,NA,NA,NA,NA,NA,NA
Winter,NA,22.624958164,0.40406260733,NA,NA,NA,NancyWinter,Nancy,434479.0,613.363951458,708.35431226,0.37,0.51,0.12,221584.29,52137.48,160757.23,34.6784177998,NA,1013.90909657,5.93550401979,135.3
Spring,NA,17.3593718338,0.222240276226,NA,NA,NA,NancySpring,Nancy,434479.0,613.363951458,708.35431226,0.37,0.51,0.12,221584.29,52137.48,160757.23,55.024934416,NA,1015.28453541,5.81435773075,196.7
Summer,NA,15.7709875116,0.193053255032,NA,NA,NA,NancySummer,Nancy,434479.0,613.363951458,708.35431226,0.37,0.51,0.12,221584.29,52137.48,160757.23,66.1935714286,NA,1016.57481776,4.93030846561,196.3
Fall,NA,19.7957636778,0.328116315998,NA,NA,NA,NancyFall,Nancy,434479.0,613.363951458,708.35431226,0.37,0.51,0.12,221584.29,52137.48,160757.23,43.7392973651,NA,1011.06326923,5.68920749812,205.8
Winter,NA,21.734751773,0.63056768559,NA,35.6666666667,NA,NantesWinter,Nantes,897713.0,1037.54555083,865.22755486,0.32,0.52,0.16,466810.76,143634.08,287268.16,39.6016133393,NA,1013.38652055,6.90163939793,192.3
Spring,NA,NA,NA,NA,NA,NA,NantesSpring,Nantes,897713.0,1037.54555083,865.22755486,0.32,0.52,0.16,466810.76,143634.08,287268.16,55.8293201377,NA,1015.89809322,6.67994007449,137.9
Summer,NA,NA,NA,NA,NA,NA,NantesSummer,Nantes,897713.0,1037.54555083,865.22755486,0.32,0.52,0.16,466810.76,143634.08,287268.16,65.0882169197,NA,1017.80780765,5.21531007028,82.7
Fall,NA,NA,NA,NA,NA,NA,NantesFall,Nantes,897713.0,1037.54555083,865.22755486,0.32,0.52,0.16,466810.76,143634.08,287268.16,48.0135511811,NA,1011.31216356,6.36462194646,353.6
Winter,NA,18.9237934613,NA,0.0196066179775,24.9885057471,21.8651685393,NiceWinter,Nice,1004914.0,1149.82301516,873.97276516,0.41,0.48,0.11,482358.72,110540.54,412014.74,46.8184457553,NA,1010.49572569,8.4494970731,326.0
Spring,NA,13.7414768461,NA,0.0356157409639,27.4605263158,17.6835443038,NiceSpring,Nice,1004914.0,1149.82301516,873.97276516,0.41,0.48,0.11,482358.72,110540.54,412014.74,61.630984456,NA,1013.58172757,7.17357533679,147.6
Summer,NA,13.6342653824,NA,0.0376702297297,32.0555555556,18.6081081081,NiceSummer,Nice,1004914.0,1149.82301516,873.97276516,0.41,0.48,0.11,482358.72,110540.54,412014.74,74.5188819539,NA,1014.31186207,6.27175809875,59.0
Fall,NA,15.4501646403,NA,0.0181412916667,24.7228915663,21.175,NiceFall,Nice,1004914.0,1149.82301516,873.97276516,0.41,0.48,0.11,482358.72,110540.54,412014.74,55.5958092848,NA,1010.10318226,8.76805460712,391.3
Winter,0.15473453984,12.9655271336,NA,0.0224214662921,20.987012987,17.2236842105,NimesWinter,Nimes,259348.0,866.072503492,299.45298916,NA,NA,NA,NA,NA,NA,42.1808381963,NA,1011.9131565,6.40590667374,259.9
Spring,0.200134216928,7.62332418211,NA,0.0385446538462,21.2608695652,14.2142857143,NimesSpring,Nimes,259348.0,866.072503492,299.45298916,NA,NA,NA,NA,NA,NA,60.7802028831,NA,1014.36668446,6.58103481474,219.9
Summer,0.199754971256,6.72906657515,NA,0.0438815376344,21.3870967742,15.3146067416,NimesSummer,Nimes,259348.0,866.072503492,299.45298916,NA,NA,NA,NA,NA,NA,74.7660140617,NA,1015.45170362,6.39858722336,28.3
Fall,0.127365125654,10.8327068558,NA,0.02120785,19.5777777778,13.7888888889,NimesFall,Nimes,259348.0,866.072503492,299.45298916,NA,NA,NA,NA,NA,NA,51.5244554455,NA,1011.40715072,5.97490225743,193.7
Winter,NA,NA,NA,NA,NA,NA,OrleansWinter,Orleans,423123.0,358.36727361,1180.69654,NA,NA,NA,NA,NA,NA,36.107573348,NA,1013.80052306,8.4970379161,109.5
Spring,NA,NA,NA,NA,NA,NA,OrleansSpring,Orleans,423123.0,358.36727361,1180.69654,NA,NA,NA,NA,NA,NA,54.6312279112,NA,1015.93517915,8.00936030435,131.6
Summer,NA,NA,NA,NA,NA,NA,OrleansSummer,Orleans,423123.0,358.36727361,1180.69654,NA,NA,NA,NA,NA,NA,65.5908905852,NA,1017.22498837,6.34115990503,178.1
Fall,NA,NA,NA,NA,NA,NA,OrleansFall,Orleans,423123.0,358.36727361,1180.69654,NA,NA,NA,NA,NA,NA,44.7394328358,NA,1011.93309179,7.6718916969,204.1
Winter,NA,29.4470652971,NA,NA,44.3333333333,NA,ParisWinter,Paris,12341418.0,1861.08446896,6631.3046,0.35,0.46,0.19,5677052.28,2344869.42,4319496.3,36.8443697479,NA,1013.8669967,7.70066936053,117.3
Spring,NA,26.751544269,NA,NA,34.4651162791,NA,ParisSpring,Paris,12341418.0,1861.08446896,6631.3046,0.35,0.46,0.19,5677052.28,2344869.42,4319496.3,55.5779520158,NA,1016.03287992,7.51092467969,134.7
Summer,NA,25.9550800861,NA,NA,25.950617284,NA,ParisSummer,Paris,12341418.0,1861.08446896,6631.3046,0.35,0.46,0.19,5677052.28,2344869.42,4319496.3,66.4915982187,NA,1017.045,5.69739407818,243.3
Fall,NA,27.4480851064,NA,NA,33.4712643678,NA,ParisFall,Paris,12341418.0,1861.08446896,6631.3046,0.35,0.46,0.19,5677052.28,2344869.42,4319496.3,45.9453769486,NA,1011.48738653,6.58103847483,192.0
Winter,NA,NA,NA,NA,NA,NA,PauWinter,Pau,240857.0,489.287440641,492.2607449,0.25,0.71,0.04,171008.47,9634.28,60214.25,41.3542857143,NA,1013.49314625,4.64431200635,212.5
Spring,NA,NA,NA,NA,NA,NA,PauSpring,Pau,240857.0,489.287440641,492.2607449,0.25,0.71,0.04,171008.47,9634.28,60214.25,56.3855781308,NA,1016.16498918,5.1187547307,327.1
Summer,NA,NA,NA,NA,NA,NA,PauSummer,Pau,240857.0,489.287440641,492.2607449,0.25,0.71,0.04,171008.47,9634.28,60214.25,66.3002410493,NA,1018.14162384,3.78207847943,128.4
Fall,NA,NA,NA,NA,NA,NA,PauFall,Pau,240857.0,489.287440641,492.2607449,0.25,0.71,0.04,171008.47,9634.28,60214.25,49.1980640518,NA,1013.11094241,4.3625533271,433.9
Winter,NA,12.7440623454,NA,0.0245316918605,21.9534883721,17.1551724138,PerpignanWinter,Perpignan,309962.0,834.145408765,371.59228684,NA,NA,NA,NA,NA,NA,NA,NA,NA,NA,NA
Spring,NA,10.1345206789,NA,0.0376860505618,22.8076923077,12.6923076923,PerpignanSpring,Perpignan,309962.0,834.145408765,371.59228684,NA,NA,NA,NA,NA,NA,NA,NA,NA,NA,NA
Summer,NA,8.94732326699,NA,0.0396267741935,25.3010752688,16.3406593407,PerpignanSummer,Perpignan,309962.0,834.145408765,371.59228684,NA,NA,NA,NA,NA,NA,NA,NA,NA,NA,NA
Fall,NA,12.8573404255,NA,0.0249057,21.5057471264,15.4444444444,PerpignanFall,Perpignan,309962.0,834.145408765,371.59228684,NA,NA,NA,NA,NA,NA,NA,NA,NA,NA,NA
Winter,1.40957379135,3.58082446809,NA,0.0161755722892,30.3827160494,NA,Pointe-a-Pitre - Les Abymes (Guadeloupe)Winter,Pointe-a-Pitre - Les Abymes (Guadeloupe),315917.0,733.817877557,430.51145204,0.23,0.67,0.1,211664.39,31591.7,72660.91,NA,NA,NA,NA,NA
Spring,1.76023798833,2.5724860689,NA,0.0148316117647,30.5060240964,NA,Pointe-a-Pitre - Les Abymes (Guadeloupe)Spring,Pointe-a-Pitre - Les Abymes (Guadeloupe),315917.0,733.817877557,430.51145204,0.23,0.67,0.1,211664.39,31591.7,72660.91,NA,NA,NA,NA,NA
Summer,1.99193647451,2.70060528247,NA,0.0144159482759,31.9647058824,NA,Pointe-a-Pitre - Les Abymes (Guadeloupe)Summer,Pointe-a-Pitre - Les Abymes (Guadeloupe),315917.0,733.817877557,430.51145204,0.23,0.67,0.1,211664.39,31591.7,72660.91,NA,NA,NA,NA,NA
Fall,2.04287107718,3.64806737589,NA,0.0183671222222,17.7790697674,NA,Pointe-a-Pitre - Les Abymes (Guadeloupe)Fall,Pointe-a-Pitre - Les Abymes (Guadeloupe),315917.0,733.817877557,430.51145204,0.23,0.67,0.1,211664.39,31591.7,72660.91,NA,NA,NA,NA,NA
Winter,0.0997016758796,12.0589752996,NA,0.0217161626506,35.3908045977,NA,QuimperWinter,Quimper,125487.0,507.075390371,247.4720769,NA,NA,NA,NA,NA,NA,41.1496804734,NA,1013.09593203,7.94512969467,335.3
Spring,0.101497989001,5.62042438801,NA,0.0357850537634,28.1086956522,NA,QuimperSpring,Quimper,125487.0,507.075390371,247.4720769,NA,NA,NA,NA,NA,NA,53.8555687204,NA,1016.38295987,8.08152247709,193.9
Summer,0.24699170976,4.162594372,NA,0.0246485833333,18.6304347826,NA,QuimperSummer,Quimper,125487.0,507.075390371,247.4720769,NA,NA,NA,NA,NA,NA,62.3075679302,NA,1018.16087383,6.3353794995,191.0
Fall,0.229635284139,10.8721749409,NA,0.0202727058824,21.2359550562,NA,QuimperFall,Quimper,125487.0,507.075390371,247.4720769,NA,NA,NA,NA,NA,NA,48.9360410095,NA,1011.12953718,7.46766827255,442.9
Winter,0.354575714539,14.1326179995,NA,0.0184609827586,30.037037037,23.7816091954,ReimsWinter,Reims,317611.0,462.841980248,686.2190846,0.31,0.6,0.09,190566.6,28584.99,98459.41,35.0004928131,NA,1013.74210278,6.62433539091,111.4
Spring,0.303426340265,10.6816642211,NA,0.0291687696629,24.2857142857,18.4888888889,ReimsSpring,Reims,317611.0,462.841980248,686.2190846,0.31,0.6,0.09,190566.6,28584.99,98459.41,54.0286370597,NA,1015.50838745,6.10230812455,122.2
Summer,0.145088499287,7.47555025679,NA,0.0284956043956,19.7802197802,14.2976190476,ReimsSummer,Reims,317611.0,462.841980248,686.2190846,0.31,0.6,0.09,190566.6,28584.99,98459.41,64.3149103943,NA,1016.69808887,5.45165449303,210.6
Fall,0.308837998304,12.9585992908,NA,0.0165001149425,27.5113636364,22.0340909091,ReimsFall,Reims,317611.0,462.841980248,686.2190846,0.31,0.6,0.09,190566.6,28584.99,98459.41,43.6731914894,NA,1011.31017527,6.58548344711,158.7
Winter,NA,14.5692087019,NA,0.0215484036145,NA,NA,RennesWinter,Rennes,690467.0,705.043809672,979.324959,NA,NA,NA,NA,NA,NA,38.547160804,NA,1013.63802817,7.010282164,140.7
Spring,NA,8.37536604896,NA,0.0332924677419,NA,NA,RennesSpring,Rennes,690467.0,705.043809672,979.324959,NA,NA,NA,NA,NA,NA,54.8968681672,NA,1016.40023256,7.10641911154,143.2
Summer,NA,6.87644131778,NA,0.0258898172043,NA,NA,RennesSummer,Rennes,690467.0,705.043809672,979.324959,NA,NA,NA,NA,NA,NA,64.7412228175,NA,1017.80059388,6.06272240025,70.2
Fall,NA,14.297641844,NA,0.0165840722222,NA,NA,RennesFall,Rennes,690467.0,705.043809672,979.324959,NA,NA,NA,NA,NA,NA,47.8609047161,NA,1011.73899761,6.36827427911,230.3
Winter,0.405157009022,15.9848404255,NA,0.0183347359551,35.7727272727,NA,RoanneWinter,Roanne,107209.0,377.679746108,283.8621904,NA,NA,NA,NA,NA,NA,35.2196328438,NA,1014.03444392,4.72826490363,107.8
Spring,0.403285015868,10.0568904378,NA,0.0298861,24.4555555556,NA,RoanneSpring,Roanne,107209.0,377.679746108,283.8621904,NA,NA,NA,NA,NA,NA,53.5912343591,NA,1015.85242626,3.9580638418,259.0
Summer,0.313807813202,8.83686227408,NA,0.0300783494624,19.476744186,NA,RoanneSummer,Roanne,107209.0,377.679746108,283.8621904,NA,NA,NA,NA,NA,NA,64.0281448957,NA,1017.38395967,3.14620425906,253.2
Fall,0.193426133812,14.8683510638,NA,0.0178893833333,25.4111111111,NA,RoanneFall,Roanne,107209.0,377.679746108,283.8621904,NA,NA,NA,NA,NA,NA,44.3319388464,NA,1012.48834676,4.45732373037,191.8
Winter,2.15516475022,NA,NA,NA,NA,NA,RouenWinter,Rouen,658285.0,1104.86545094,595.80557926,0.27,0.65,0.08,427885.25,52662.8,177736.95,35.7817296223,NA,1013.74704082,8.18093854473,161.4
Spring,2.14854305179,NA,NA,NA,NA,NA,RouenSpring,Rouen,658285.0,1104.86545094,595.80557926,0.27,0.65,0.08,427885.25,52662.8,177736.95,51.9132834145,NA,1016.28023783,7.85015034282,139.2
Summer,2.46706886645,NA,NA,NA,NA,NA,RouenSummer,Rouen,658285.0,1104.86545094,595.80557926,0.27,0.65,0.08,427885.25,52662.8,177736.95,62.0523826458,NA,1017.09593909,6.27157993741,136.8
Fall,1.6182562827,NA,NA,NA,NA,NA,RouenFall,Rouen,658285.0,1104.86545094,595.80557926,0.27,0.65,0.08,427885.25,52662.8,177736.95,43.4151013514,NA,1011.00083551,7.46250683243,353.5
Winter,0.399416759585,10.4493783645,NA,0.0266497865169,31.3146067416,NA,Saint-BrieucWinter,Saint-Brieuc,171721.0,1149.56584797,149.37900278,NA,NA,NA,NA,NA,NA,39.8820318554,NA,1013.13678533,9.16822362361,199.0
Spring,0.323892300033,7.27059087413,NA,0.0352455376344,26.2921348315,NA,Saint-BrieucSpring,Saint-Brieuc,171721.0,1149.56584797,149.37900278,NA,NA,NA,NA,NA,NA,50.8783728814,NA,1016.44828304,7.89327945742,117.0
Summer,0.114537743851,5.25814420804,NA,0.0258785833333,16.6395348837,NA,Saint-BrieucSummer,Saint-Brieuc,171721.0,1149.56584797,149.37900278,NA,NA,NA,NA,NA,NA,61.4099516549,NA,1017.63556675,6.54941791893,98.7
Fall,0.320281054823,9.58477393617,NA,0.0227469090909,17.6049382716,NA,Saint-BrieucFall,Saint-Brieuc,171721.0,1149.56584797,149.37900278,NA,NA,NA,NA,NA,NA,47.2596725549,NA,1010.82050857,7.69797490047,296.1
Winter,0.817403649227,2.23620225583,NA,NA,22.7777777778,NA,Saint-Denis (La Reunion)Winter,Saint-Denis (La Reunion),199222.0,1744.12798537,114.22441568,NA,NA,NA,NA,NA,NA,48.2503203661,NA,1010.36901776,8.52368650496,375.3
Spring,0.926331773783,1.79226149623,NA,NA,25.7142857143,NA,Saint-Denis (La Reunion)Spring,Saint-Denis (La Reunion),199222.0,1744.12798537,114.22441568,NA,NA,NA,NA,NA,NA,59.4118815052,NA,1013.77481894,7.71461981149,174.8
Summer,1.04251821652,2.62543765149,NA,NA,20.0208333333,NA,Saint-Denis (La Reunion)Summer,Saint-Denis (La Reunion),199222.0,1744.12798537,114.22441568,NA,NA,NA,NA,NA,NA,71.8287405542,NA,1014.63810325,5.95939562049,46.6
Fall,1.83654838044,4.50463947991,NA,NA,23.1333333333,NA,Saint-Denis (La Reunion)Fall,Saint-Denis (La Reunion),199222.0,1744.12798537,114.22441568,NA,NA,NA,NA,NA,NA,55.8532270916,NA,1010.58300051,7.43157395485,446.9
Winter,2.89994853761,NA,NA,NA,21.4943820225,NA,Saint-NazaireWinter,Saint-Nazaire,213083.0,528.228370104,403.3918132,NA,NA,NA,NA,NA,NA,39.5333495146,NA,1013.54435597,8.03795364216,143.7
Spring,2.03840597554,NA,NA,NA,20.3222222222,NA,Saint-NazaireSpring,Saint-Nazaire,213083.0,528.228370104,403.3918132,NA,NA,NA,NA,NA,NA,55.3206522536,NA,1016.33798701,8.41200499524,121.2
Summer,1.52736600181,NA,NA,NA,15.7849462366,NA,Saint-NazaireSummer,Saint-Nazaire,213083.0,528.228370104,403.3918132,NA,NA,NA,NA,NA,NA,64.9668997311,NA,1018.13982664,6.83136916481,109.6
Fall,2.64567854114,NA,NA,NA,19.9659090909,NA,Saint-NazaireFall,Saint-Nazaire,213083.0,528.228370104,403.3918132,NA,NA,NA,NA,NA,NA,48.2595669433,NA,1011.87204969,7.60770292313,425.1
Winter,NA,12.3046318432,NA,0.0210024269663,NA,NA,Sarrebruck - ForbachWinter,Sarrebruck - Forbach,101806.0,1627.83329937,62.54080196,NA,NA,NA,NA,NA,NA,33.4185948747,NA,1014.04950681,8.94026070806,127.2
Spring,NA,6.46581445893,NA,0.0327389247312,NA,NA,Sarrebruck - ForbachSpring,Sarrebruck - Forbach,101806.0,1627.83329937,62.54080196,NA,NA,NA,NA,NA,NA,53.047322468,NA,1015.69953575,7.13073420151,164.4
Summer,NA,5.56230053191,NA,0.0346361483516,NA,NA,Sarrebruck - ForbachSummer,Sarrebruck - Forbach,101806.0,1627.83329937,62.54080196,NA,NA,NA,NA,NA,NA,63.7484880803,NA,1016.70123119,6.93723278481,189.9
Fall,NA,10.8217801418,NA,0.0147280933333,NA,NA,Sarrebruck - ForbachFall,Sarrebruck - Forbach,101806.0,1627.83329937,62.54080196,NA,NA,NA,NA,NA,NA,42.9502264151,NA,1012.07636625,7.92344170673,192.0
Winter,NA,NA,NA,NA,NA,NA,StrasbourgWinter,Strasbourg,768868.0,1529.9439886,502.54650218,0.41,0.47,0.12,361367.96,92264.16,315235.88,33.8739123867,NA,1014.23533835,6.16362327639,115.7
Spring,NA,NA,NA,NA,NA,NA,StrasbourgSpring,Strasbourg,768868.0,1529.9439886,502.54650218,0.41,0.47,0.12,361367.96,92264.16,315235.88,56.4767391304,NA,1015.5408377,5.91870286278,247.4
Summer,NA,NA,NA,NA,NA,NA,StrasbourgSummer,Strasbourg,768868.0,1529.9439886,502.54650218,0.41,0.47,0.12,361367.96,92264.16,315235.88,66.1205909091,NA,1016.70004558,4.41400902084,262.1
Fall,NA,NA,NA,NA,NA,NA,StrasbourgFall,Strasbourg,768868.0,1529.9439886,502.54650218,0.41,0.47,0.12,361367.96,92264.16,315235.88,43.9314614205,NA,1012.14600577,5.08082655441,195.4
Winter,NA,NA,NA,NA,NA,NA,TarbesWinter,Tarbes,115557.0,470.192102434,245.76550606,NA,NA,NA,NA,NA,NA,39.5014477958,NA,1013.69892009,5.3412242974,193.1
Spring,NA,NA,NA,NA,NA,NA,TarbesSpring,Tarbes,115557.0,470.192102434,245.76550606,NA,NA,NA,NA,NA,NA,54.3592772187,NA,1016.1971072,5.34103737956,345.4
Summer,NA,NA,NA,NA,NA,NA,TarbesSummer,Tarbes,115557.0,470.192102434,245.76550606,NA,NA,NA,NA,NA,NA,65.6913982464,NA,1018.06029164,4.41324338533,123.7
Fall,NA,NA,NA,NA,NA,NA,TarbesFall,Tarbes,115557.0,470.192102434,245.76550606,NA,NA,NA,NA,NA,NA,47.519738073,NA,1013.23649886,5.31701155472,298.9
Winter,0.501611042073,15.3021582294,NA,NA,28.9764705882,NA,ThionvilleWinter,Thionville,135627.0,941.799725672,144.00832396,NA,NA,NA,NA,NA,NA,34.6500808766,NA,1014.04795433,5.52219457648,133.7
Spring,0.406320778458,10.7337327566,NA,NA,24.6703296703,NA,ThionvilleSpring,Thionville,135627.0,941.799725672,144.00832396,NA,NA,NA,NA,NA,NA,54.7452621264,NA,1015.29722684,5.15089346512,198.5
Summer,0.434228462377,8.69522420499,NA,NA,20.9462365591,NA,ThionvilleSummer,Thionville,135627.0,941.799725672,144.00832396,NA,NA,NA,NA,NA,NA,65.144599018,NA,1016.65132353,4.46754633806,170.8
Fall,0.476282620273,13.6521747913,NA,NA,22.2444444444,NA,ThionvilleFall,Thionville,135627.0,941.799725672,144.00832396,NA,NA,NA,NA,NA,NA,43.6181487715,NA,1012.00954749,4.95067456345,171.3
Winter,0.150192983961,14.0548649295,NA,0.0207476853933,26.8651685393,20.6629213483,ToulouseWinter,Toulouse,1270760.0,819.954070817,1549.7941229,0.24,0.67,0.09,851409.2,114368.4,304982.4,43.9073417722,NA,1012.43447917,9.34934313779,218.9
Spring,0.207994746778,7.48809768932,NA,0.0331640483871,18.2840909091,12.1505376344,ToulouseSpring,Toulouse,1270760.0,819.954070817,1549.7941229,0.24,0.67,0.09,851409.2,114368.4,304982.4,60.2434086957,NA,1014.69028736,8.71751785646,122.7
Summer,0.19194369203,7.47049874171,NA,0.0339181129032,20.9456521739,14.688172043,ToulouseSummer,Toulouse,1270760.0,819.954070817,1549.7941229,0.24,0.67,0.09,851409.2,114368.4,304982.4,74.2309123596,NA,1016.1559517,8.05003114427,29.8
Fall,0.169423240034,13.5204550827,NA,0.0185242944444,23.7078651685,18.2222222222,ToulouseFall,Toulouse,1270760.0,819.954070817,1549.7941229,0.24,0.67,0.09,851409.2,114368.4,304982.4,53.6132712456,NA,1011.63474204,8.76078203182,185.3
Winter,NA,27.4084556126,0.297296501644,NA,31.3977272727,NA,ToursWinter,Tours,483744.0,720.164463976,671.71323246,0.32,0.61,0.08,295083.84,38699.52,154798.08,37.6231912302,NA,1013.49076543,7.59399807065,111.8
Spring,NA,22.4395104095,0.102559437166,NA,24.6451612903,NA,ToursSpring,Tours,483744.0,720.164463976,671.71323246,0.32,0.61,0.08,295083.84,38699.52,154798.08,55.532348285,NA,1015.89465082,7.17732119718,137.6
Summer,NA,20.7202895981,0.0666721595122,NA,20.9777777778,NA,ToursSummer,Tours,483744.0,720.164463976,671.71323246,0.32,0.61,0.08,295083.84,38699.52,154798.08,67.5651685393,NA,1017.33715415,5.61492068571,129.9
Fall,NA,25.6753884772,0.186576095746,NA,24.1797752809,NA,ToursFall,Tours,483744.0,720.164463976,671.71323246,0.32,0.61,0.08,295083.84,38699.52,154798.08,46.099270073,NA,1011.50968222,6.50335920554,199.6
Winter,0.40376496089,15.462855606,NA,0.0175947873563,30.1685393258,NA,TroyesWinter,Troyes,191505.0,322.586355484,593.65499112,NA,NA,NA,NA,NA,NA,35.8258980044,NA,1013.10050364,7.483784,114.1
Spring,0.130222441106,9.82032143674,NA,0.0293651722222,24.4239130435,NA,TroyesSpring,Troyes,191505.0,322.586355484,593.65499112,NA,NA,NA,NA,NA,NA,53.8595145631,NA,1015.14381415,6.53447045008,158.7
Summer,0.0615365673479,7.77331781915,NA,0.0283251021505,18.1444444444,NA,TroyesSummer,Troyes,191505.0,322.586355484,593.65499112,NA,NA,NA,NA,NA,NA,64.9319687674,NA,1016.25457095,5.89114699387,173.7
Fall,0.170017474478,13.907738713,NA,0.0154469573171,23.8651685393,NA,TroyesFall,Troyes,191505.0,322.586355484,593.65499112,NA,NA,NA,NA,NA,NA,44.7878640777,NA,1010.78965142,7.08327327724,192.7
Winter,1.46279898219,16.9888357638,NA,0.0158384269663,NA,29.2471910112,ValenceWinter,Valence,175636.0,657.229970483,267.236748,NA,NA,NA,NA,NA,NA,39.965026178,NA,1012.52884841,7.47468108435,223.8
Spring,1.29991573312,9.70972317547,NA,0.0325056075269,NA,11.6315789474,ValenceSpring,Valence,175636.0,657.229970483,267.236748,NA,NA,NA,NA,NA,NA,59.7791276252,NA,1014.64223301,6.88508756058,267.4
Summer,1.28730916031,11.2249714024,NA,0.0368601397849,NA,12.0430107527,ValenceSummer,Valence,175636.0,657.229970483,267.236748,NA,NA,NA,NA,NA,NA,72.2942073171,NA,1015.77875616,6.76041476098,116.2
Fall,1.16239714484,15.4896366244,NA,0.0154543314607,NA,18.7640449438,ValenceFall,Valence,175636.0,657.229970483,267.236748,NA,NA,NA,NA,NA,NA,49.617311828,NA,1011.47579964,6.72238860693,292.5
Winter,NA,19.4110387282,NA,0.00969795,33.7752808989,27.1,ValenciennesWinter,Valenciennes,367094.0,1478.76115683,248.2442809,NA,NA,NA,NA,NA,NA,NA,NA,NA,NA,NA
Spring,NA,11.7145504461,NA,0.0267754929577,24.0326086957,16.5263157895,ValenciennesSpring,Valenciennes,367094.0,1478.76115683,248.2442809,NA,NA,NA,NA,NA,NA,NA,NA,NA,NA,NA
Summer,NA,8.95079481536,NA,0.0248635804598,19.4597701149,12.1176470588,ValenciennesSummer,Valenciennes,367094.0,1478.76115683,248.2442809,NA,NA,NA,NA,NA,NA,NA,NA,NA,NA,NA
Fall,NA,16.6009574468,NA,0.0105988944444,24.6777777778,20.375,ValenciennesFall,Valenciennes,367094.0,1478.76115683,248.2442809,NA,NA,NA,NA,NA,NA,NA,NA,NA,NA,NA
Winter,0.433060296766,15.389307913,NA,0.0215073146067,NA,NA,VannesWinter,Vannes,150860.0,590.059752282,255.66902236,NA,NA,NA,NA,NA,NA,40.1951283167,NA,1013.48946149,8.63846216268,229.9
Spring,0.437946318641,7.27884351407,NA,0.0345359120879,NA,NA,VannesSpring,Vannes,150860.0,590.059752282,255.66902236,NA,NA,NA,NA,NA,NA,53.0257100445,NA,1016.29924433,8.61955018704,137.9
Summer,0.412615940245,6.90507892931,NA,0.0279109569892,NA,NA,VannesSummer,Vannes,150860.0,590.059752282,255.66902236,NA,NA,NA,NA,NA,NA,61.8587545788,NA,1017.99539326,6.85431053805,111.2
Fall,0.546666666667,15.3154659305,NA,0.0192612,NA,NA,VannesFall,Vannes,150860.0,590.059752282,255.66902236,NA,NA,NA,NA,NA,NA,48.5078046962,NA,1011.58174905,8.1992663675,408.2
Winter,1.24489447687,20.1195306633,NA,0.0115384871795,36.7411764706,32.1058823529,VienneWinter,Vienne,112334.0,1569.86911916,71.55628366,0.21,0.74,0.05,83127.16,5616.7,23590.14,NA,NA,NA,NA,NA
Spring,0.683567042814,12.3395206652,NA,0.023895326087,23.9891304348,18.2391304348,VienneSpring,Vienne,112334.0,1569.86911916,71.55628366,0.21,0.74,0.05,83127.16,5616.7,23590.14,NA,NA,NA,NA,NA
Summer,1.13767874422,13.453660826,NA,0.027679584507,21.2179487179,14.9102564103,VienneSummer,Vienne,112334.0,1569.86911916,71.55628366,0.21,0.74,0.05,83127.16,5616.7,23590.14,NA,NA,NA,NA,NA
Fall,1.67721200555,16.8447956963,NA,0.0140785470588,23.75,19.125,VienneFall,Vienne,112334.0,1569.86911916,71.55628366,0.21,0.74,0.05,83127.16,5616.7,23590.14,NA,NA,NA,NA,NA
Winter,NA,10.8769364093,NA,0.0174992752809,30.4382022472,NA,AgenWinter,Agen,111663.0,430.026855485,259.66517806,NA,NA,NA,NA,NA,NA,39.4650060753,NA,1013.36192447,4.88165329011,120.3
Spring,NA,3.37441088996,NA,0.0329446612903,18.4946236559,NA,AgenSpring,Agen,111663.0,430.026855485,259.66517806,NA,NA,NA,NA,NA,NA,57.6875206287,NA,1015.55231169,4.96137292694,196.1
Summer,NA,2.68859013327,NA,0.0324852692308,17.6511627907,NA,AgenSummer,Agen,111663.0,430.026855485,259.66517806,NA,NA,NA,NA,NA,NA,68.8903455724,NA,1017.58252427,4.28428775801,86.3
Fall,NA,11.2756079027,NA,0.0157459736842,19.1460674157,NA,AgenFall,Agen,111663.0,430.026855485,259.66517806,NA,NA,NA,NA,NA,NA,48.0638299368,NA,1012.49412065,5.31077297928,187.1
Winter,NA,5.91883217786,NA,0.0247364269663,20.9772727273,NA,AjaccioWinter,Ajaccio,100643.0,263.886332544,381.38769458,NA,NA,NA,NA,NA,NA,48.2727118644,NA,1010.679742,6.42655268618,302.0
Spring,NA,6.33830931137,NA,0.0343870483871,21.1086956522,NA,AjaccioSpring,Ajaccio,100643.0,263.886332544,381.38769458,NA,NA,NA,NA,NA,NA,60.9562768496,NA,1014.23418682,6.37147555556,208.5
Summer,NA,7.21104746318,NA,0.0383502688172,24.4516129032,NA,AjaccioSummer,Ajaccio,100643.0,263.886332544,381.38769458,NA,NA,NA,NA,NA,NA,72.9929446534,NA,1014.91326578,6.58216699651,30.9
Fall,NA,5.55920803783,NA,0.02270575,21.1777777778,NA,AjaccioFall,Ajaccio,100643.0,263.886332544,381.38769458,NA,NA,NA,NA,NA,NA,55.5794837027,NA,1010.68296117,6.27244474993,343.3
Winter,NA,24.4054028209,NA,0.0124818202247,38.5842696629,32.125,AnnecyWinter,Annecy,221111.0,771.997002222,286.41432462,NA,NA,NA,NA,NA,NA,NA,NA,NA,NA,NA
Spring,NA,13.2587108213,NA,0.0278923295455,26.4193548387,16.1511627907,AnnecySpring,Annecy,221111.0,771.997002222,286.41432462,NA,NA,NA,NA,NA,NA,NA,NA,NA,NA,NA
Summer,NA,10.7668246994,NA,0.0323243548387,22.6516853933,14.0888888889,AnnecySummer,Annecy,221111.0,771.997002222,286.41432462,NA,NA,NA,NA,NA,NA,NA,NA,NA,NA,NA
Fall,NA,18.1759308511,NA,0.0100363055556,29.1818181818,23.5632183908,AnnecyFall,Annecy,221111.0,771.997002222,286.41432462,NA,NA,NA,NA,NA,NA,NA,NA,NA,NA,NA
Winter,NA,15.7190712407,NA,0.0188705506329,NA,NA,BelfortWinter,Belfort,114077.0,673.362949507,169.41383556,NA,NA,NA,NA,NA,NA,34.8763246073,NA,1013.59602094,3.35765284188,224.8
Spring,NA,8.35121825669,NA,0.0298173333333,NA,NA,BelfortSpring,Belfort,114077.0,673.362949507,169.41383556,NA,NA,NA,NA,NA,NA,55.1026903024,NA,1015.08889468,3.41560457143,377.2
Summer,NA,6.50884237017,NA,0.0295159722222,NA,NA,BelfortSummer,Belfort,114077.0,673.362949507,169.41383556,NA,NA,NA,NA,NA,NA,64.8945454545,NA,1016.84837852,2.5873109458,342.3
Fall,NA,11.9553490318,NA,0.0187021,NA,NA,BelfortFall,Belfort,114077.0,673.362949507,169.41383556,NA,NA,NA,NA,NA,NA,44.5416499207,NA,1012.23527234,3.27050309043,298.7
Winter,NA,NA,NA,0.0277555393258,NA,NA,BesanconWinter,Besancon,246841.0,391.958406492,629.76325016,0.29,0.6,0.11,148104.6,27152.51,71583.89,NA,NA,NA,NA,NA
Spring,NA,NA,NA,0.037781,NA,NA,BesanconSpring,Besancon,246841.0,391.958406492,629.76325016,0.29,0.6,0.11,148104.6,27152.51,71583.89,NA,NA,NA,NA,NA
Summer,NA,NA,NA,0.0388745393258,NA,NA,BesanconSummer,Besancon,246841.0,391.958406492,629.76325016,0.29,0.6,0.11,148104.6,27152.51,71583.89,NA,NA,NA,NA,NA
Fall,NA,NA,NA,0.0248194772727,NA,NA,BesanconFall,Besancon,246841.0,391.958406492,629.76325016,0.29,0.6,0.11,148104.6,27152.51,71583.89,NA,NA,NA,NA,NA
Winter,NA,NA,NA,NA,NA,NA,BloisWinter,Blois,127053.0,331.492419012,383.27573336,NA,NA,NA,NA,NA,NA,36.8622366288,NA,1013.09340184,7.98654650675,108.9
Spring,NA,NA,NA,NA,NA,NA,BloisSpring,Blois,127053.0,331.492419012,383.27573336,NA,NA,NA,NA,NA,NA,54.8178640777,NA,1015.40367171,7.38292239914,144.2
Summer,NA,NA,NA,NA,NA,NA,BloisSummer,Blois,127053.0,331.492419012,383.27573336,NA,NA,NA,NA,NA,NA,66.0689684661,NA,1017.0362955,5.99586283636,180.9
Fall,NA,NA,NA,NA,NA,NA,BloisFall,Blois,127053.0,331.492419012,383.27573336,NA,NA,NA,NA,NA,NA,45.5544963421,NA,1011.10981387,6.81306621947,231.0
Winter,NA,19.1975219024,NA,0.0172297383721,31.1046511628,NA,Bourg-en-BresseWinter,Bourg-en-Bresse,122806.0,368.174800883,333.5535178,NA,NA,NA,NA,NA,NA,35.4797009967,NA,1013.52750846,5.77731364194,245.6
Spring,NA,11.567728548,NA,0.0311752688172,19.1630434783,NA,Bourg-en-BresseSpring,Bourg-en-Bresse,122806.0,368.174800883,333.5535178,NA,NA,NA,NA,NA,NA,56.3220900322,NA,1015.28733154,6.17925256515,349.8
Summer,NA,10.1495595973,NA,0.0312136612903,17.8602150538,NA,Bourg-en-BresseSummer,Bourg-en-Bresse,122806.0,368.174800883,333.5535178,NA,NA,NA,NA,NA,NA,66.9663959391,NA,1016.96585789,4.84545700169,195.9
Fall,NA,14.0628486998,NA,0.0170902277778,20.6111111111,NA,Bourg-en-BresseFall,Bourg-en-Bresse,122806.0,368.174800883,333.5535178,NA,NA,NA,NA,NA,NA,46.0658964578,NA,1012.40647523,5.69733780589,336.8
Winter,NA,13.1000059766,NA,0.0202122134831,NA,NA,ChartresWinter,Chartres,145735.0,202.419730922,719.9643994,NA,NA,NA,NA,NA,NA,36.06,NA,1013.28067416,6.39702988779,129.4
Spring,NA,8.67369023107,NA,0.032261688172,NA,NA,ChartresSpring,Chartres,145735.0,202.419730922,719.9643994,NA,NA,NA,NA,NA,NA,54.1110643016,NA,1015.83779134,5.76514497561,139.8
Summer,NA,6.55554221002,NA,0.0313610860215,NA,NA,ChartresSummer,Chartres,145735.0,202.419730922,719.9643994,NA,NA,NA,NA,NA,NA,65.2995005549,NA,1017.06346154,4.60858359156,118.3
Fall,NA,10.8254669031,NA,0.0179742277778,NA,NA,ChartresFall,Chartres,145735.0,202.419730922,719.9643994,NA,NA,NA,NA,NA,NA,45.0013926273,NA,1011.16457211,5.52202973435,191.1
Winter,NA,13.2059825484,NA,0.0226300411765,26.3295454545,NA,CholetWinter,Cholet,104917.0,483.9255844,216.80399504,NA,NA,NA,NA,NA,NA,NA,NA,NA,NA,NA
Spring,NA,7.54442347289,NA,0.0364838333333,22.2967032967,NA,CholetSpring,Cholet,104917.0,483.9255844,216.80399504,NA,NA,NA,NA,NA,NA,NA,NA,NA,NA,NA
Summer,NA,6.62316403569,NA,0.0321600978261,16.3218390805,NA,CholetSummer,Cholet,104917.0,483.9255844,216.80399504,NA,NA,NA,NA,NA,NA,NA,NA,NA,NA,NA
Fall,NA,11.3346631206,NA,0.0204202222222,19.0222222222,NA,CholetFall,Cholet,104917.0,483.9255844,216.80399504,NA,NA,NA,NA,NA,NA,NA,NA,NA,NA,NA
Winter,NA,14.5493401562,NA,0.0202110357143,27.6202531646,NA,EvreuxWinter,Evreux,111449.0,459.219662784,242.69213414,NA,NA,NA,NA,NA,NA,36.3306318681,NA,1014.05281656,7.92384926362,96.2
Spring,NA,9.33866964081,NA,0.0314462365591,24.5652173913,NA,EvreuxSpring,Evreux,111449.0,459.219662784,242.69213414,NA,NA,NA,NA,NA,NA,53.4660936094,NA,1016.16124072,7.23019208645,97.8
Summer,NA,6.70378631892,NA,0.0277008924731,18.8241758242,NA,EvreuxSummer,Evreux,111449.0,459.219662784,242.69213414,NA,NA,NA,NA,NA,NA,64.8407045144,NA,1017.22700324,6.4308318741,115.4
Fall,NA,13.2663002364,NA,0.0166767666667,22.3370786517,NA,EvreuxFall,Evreux,111449.0,459.219662784,242.69213414,NA,NA,NA,NA,NA,NA,43.4477197535,NA,1011.56777137,7.40411429313,187.9
Winter,NA,20.4470714111,NA,0.0154211797753,36.404494382,27.359375,Geneve - AnnemasseWinter,Geneve - Annemasse,NA,NA,NA,0.29,0.66,0.05,NA,NA,NA,31.2176315789,NA,1014.97368421,3.09565045614,31.9
Spring,NA,8.76131475486,NA,0.0319718152174,25.0543478261,13.3695652174,Geneve - AnnemasseSpring,Geneve - Annemasse,NA,NA,NA,0.29,0.66,0.05,NA,NA,NA,60.3090243902,NA,1012.27377049,4.33887213008,65.9
Summer,NA,7.90858499199,NA,0.0348451505376,23.4193548387,9.75824175824,Geneve - AnnemasseSummer,Geneve - Annemasse,NA,NA,NA,0.29,0.66,0.05,NA,NA,NA,64.1098532626,NA,1016.73372093,3.86735305698,0.4
Fall,NA,15.7174940898,NA,0.0155605277778,25.0465116279,14.9195402299,Geneve - AnnemasseFall,Geneve - Annemasse,NA,NA,NA,0.29,0.66,0.05,NA,NA,NA,46.3134945055,NA,1012.84836775,3.5565151707,150.6
Winter,NA,NA,NA,NA,NA,NA,LavalWinter,Laval,121399.0,316.425066386,383.65797434,NA,NA,NA,NA,NA,NA,38.0396881288,NA,1013.27919321,6.76323274082,162.6
Spring,NA,NA,NA,NA,NA,NA,LavalSpring,Laval,121399.0,316.425066386,383.65797434,NA,NA,NA,NA,NA,NA,54.877010989,NA,1015.98945055,6.41744891429,147.2
Summer,NA,NA,NA,NA,NA,NA,LavalSummer,Laval,121399.0,316.425066386,383.65797434,NA,NA,NA,NA,NA,NA,65.240661157,NA,1017.95930636,5.61205707254,68.3
Fall,NA,NA,NA,NA,NA,NA,LavalFall,Laval,121399.0,316.425066386,383.65797434,NA,NA,NA,NA,NA,NA,46.1555809796,NA,1011.78549878,6.82206528137,277.2
Winter,NA,NA,NA,NA,NA,NA,MontbeliardWinter,Montbeliard,162326.0,532.524265834,304.82366798,NA,NA,NA,NA,NA,NA,34.2473053892,NA,1014.19687943,5.0040738913,172.4
Spring,NA,NA,NA,NA,NA,NA,MontbeliardSpring,Montbeliard,162326.0,532.524265834,304.82366798,NA,NA,NA,NA,NA,NA,54.23,NA,1015.13367183,4.74540830037,234.3
Summer,NA,NA,NA,NA,NA,NA,MontbeliardSummer,Montbeliard,162326.0,532.524265834,304.82366798,NA,NA,NA,NA,NA,NA,63.7682675367,NA,1017.16842353,3.51978417232,244.4
Fall,NA,NA,NA,NA,NA,NA,MontbeliardFall,Montbeliard,162326.0,532.524265834,304.82366798,NA,NA,NA,NA,NA,NA,42.0583833718,NA,1012.48972313,4.47532123788,240.5
Winter,NA,12.3450215157,NA,0.0211470674157,19.5964912281,NA,NeversWinter,Nevers,101586.0,267.18386601,380.21008348,NA,NA,NA,NA,NA,NA,NA,NA,NA,NA,NA
Spring,NA,6.55309425761,NA,0.0325202258065,13.5178571429,NA,NeversSpring,Nevers,101586.0,267.18386601,380.21008348,NA,NA,NA,NA,NA,NA,NA,NA,NA,NA,NA
Summer,NA,5.65574811256,NA,0.0296121182796,14.1304347826,NA,NeversSummer,Nevers,101586.0,267.18386601,380.21008348,NA,NA,NA,NA,NA,NA,NA,NA,NA,NA,NA
Fall,NA,9.861678487,NA,0.0179921166667,16.6777777778,NA,NeversFall,Nevers,101586.0,267.18386601,380.21008348,NA,NA,NA,NA,NA,NA,NA,NA,NA,NA,NA
Winter,NA,3.65452426488,NA,0.0240609655172,24.4705882353,NA,NiortWinter,Niort,152721.0,348.12425113,438.69681444,NA,NA,NA,NA,NA,NA,39.1385389095,NA,1013.41937533,8.21074311488,166.4
Spring,NA,2.02590301831,NA,0.03600825,19.2790697674,NA,NiortSpring,Niort,152721.0,348.12425113,438.69681444,NA,NA,NA,NA,NA,NA,56.3951196172,NA,1015.96608187,7.52217509835,172.0
Summer,NA,1.54413120567,NA,0.0312172166667,14.8444444444,NA,NiortSummer,Niort,152721.0,348.12425113,438.69681444,NA,NA,NA,NA,NA,NA,67.5032626427,NA,1017.72642741,5.85193848739,99.7
Fall,NA,2.33483743725,NA,0.0222721277778,15.4431818182,NA,NiortFall,Niort,152721.0,348.12425113,438.69681444,NA,NA,NA,NA,NA,NA,47.9785790032,NA,1011.86383881,6.99431972853,279.7
Winter,NA,19.4742928661,NA,0.0168993876404,NA,22.0795454545,PoitiersWinter,Poitiers,255831.0,395.567633598,646.74401612,NA,NA,NA,NA,NA,NA,37.0761077844,NA,1013.75749093,7.64717713772,136.7
Spring,NA,15.7619537863,NA,0.0279097258065,NA,17.688172043,PoitiersSpring,Poitiers,255831.0,395.567633598,646.74401612,NA,NA,NA,NA,NA,NA,54.5455091689,NA,1015.96572795,6.83643143192,176.8
Summer,NA,14.4236616335,NA,0.0260601505376,NA,12.5405405405,PoitiersSummer,Poitiers,255831.0,395.567633598,646.74401612,NA,NA,NA,NA,NA,NA,65.9689178947,NA,1017.62092652,5.40694010793,83.5
Fall,NA,17.8196031556,NA,0.0152908258427,NA,16.55,PoitiersFall,Poitiers,255831.0,395.567633598,646.74401612,NA,NA,NA,NA,NA,NA,46.0327311371,NA,1012.11191796,6.73823653417,260.2
Winter,NA,22.4694059288,NA,0.0141835,36.0786516854,27.8850574713,Saint-EtienneWinter,Saint-Etienne,512830.0,1305.1619366,392.92442234,NA,NA,NA,NA,NA,NA,34.4897297297,NA,1013.93901674,5.19118762185,93.1
Spring,NA,13.9180450698,NA,0.0282452258065,22.6304347826,18.0326086957,Saint-EtienneSpring,Saint-Etienne,512830.0,1305.1619366,392.92442234,NA,NA,NA,NA,NA,NA,53.5958411026,NA,1015.29692566,5.28426633548,222.6
Summer,NA,13.7155585106,NA,0.0308162311828,19.5698924731,16.4838709677,Saint-EtienneSummer,Saint-Etienne,512830.0,1305.1619366,392.92442234,NA,NA,NA,NA,NA,NA,65.2312582781,NA,1017.02794687,3.68883332097,193.1
Fall,NA,19.7094208038,NA,0.0135875944444,24.375,18.5952380952,Saint-EtienneFall,Saint-Etienne,512830.0,1305.1619366,392.92442234,NA,NA,NA,NA,NA,NA,44.9034265176,NA,1012.64503205,5.21133877955,209.6
Winter,NA,13.0662502988,NA,0.019696247191,NA,NA,Saint-QuentinWinter,Saint-Quentin,111474.0,445.618850386,250.1554858,0.33,0.52,0.15,57966.48,16721.1,36786.42,37.3021794509,NA,NA,7.97806608222,NA
Spring,NA,7.88358580019,NA,0.0309141573034,NA,NA,Saint-QuentinSpring,Saint-Quentin,111474.0,445.618850386,250.1554858,0.33,0.52,0.15,57966.48,16721.1,36786.42,55.895,NA,NA,7.66593050572,NA
Summer,NA,4.91899974053,NA,0.0294702586207,NA,NA,Saint-QuentinSummer,Saint-Quentin,111474.0,445.618850386,250.1554858,0.33,0.52,0.15,57966.48,16721.1,36786.42,66.3665830864,NA,NA,5.60242931451,NA
Fall,NA,11.284937727,NA,0.0155551036585,NA,NA,Saint-QuentinFall,Saint-Quentin,111474.0,445.618850386,250.1554858,0.33,0.52,0.15,57966.48,16721.1,36786.42,45.8162162162,NA,NA,6.76258687879,NA
Winter,NA,28.220035461,NA,NA,36.9036144578,NA,ToulonWinter,Toulon,611237.0,1410.89720837,433.2257491,0.28,0.67,0.05,409528.79,30561.85,171146.36,46.0615474453,NA,1010.29377572,7.93980602628,382.4
Spring,NA,29.8701269732,NA,NA,32.3225806452,NA,ToulonSpring,Toulon,611237.0,1410.89720837,433.2257491,0.28,0.67,0.05,409528.79,30561.85,171146.36,60.2721189591,NA,1013.42151482,6.76457925816,213.5
Summer,NA,20.2671471059,NA,NA,34.0108695652,NA,ToulonSummer,Toulon,611237.0,1410.89720837,433.2257491,0.28,0.67,0.05,409528.79,30561.85,171146.36,72.0786078886,NA,1014.28600536,5.5967552619,37.2
Fall,NA,24.5487619222,NA,NA,37.7558139535,NA,ToulonFall,Toulon,611237.0,1410.89720837,433.2257491,0.28,0.67,0.05,409528.79,30561.85,171146.36,53.5936713996,NA,1010.1624941,6.87598899797,189.0
Winter,NA,NA,NA,0.0314153483146,NA,NA,BeziersWinter,Beziers,165498.0,956.375707385,173.04705538,NA,NA,NA,NA,NA,NA,43.1587383178,NA,NA,9.08758825047,NA
Spring,NA,NA,NA,0.0418169545455,NA,NA,BeziersSpring,Beziers,165498.0,956.375707385,173.04705538,NA,NA,NA,NA,NA,NA,60.6859942639,NA,NA,8.54594871864,NA
Summer,NA,NA,NA,0.0447180989011,NA,NA,BeziersSummer,Beziers,165498.0,956.375707385,173.04705538,NA,NA,NA,NA,NA,NA,74.062059559,NA,NA,7.97609843723,NA
Fall,NA,NA,NA,0.0284978735632,NA,NA,BeziersFall,Beziers,165498.0,956.375707385,173.04705538,NA,NA,NA,NA,NA,NA,52.5763805104,NA,NA,8.55077626729,NA
Winter,NA,NA,NA,0.0233405,NA,NA,Le MansWinter,Le Mans,344893.0,NA,NA,NA,NA,NA,NA,NA,NA,38.3036424958,NA,1013.33988571,5.71478039551,137.5
Spring,NA,NA,NA,0.0347192258065,NA,NA,Le MansSpring,Le Mans,344893.0,NA,NA,NA,NA,NA,NA,NA,NA,56.4884878049,NA,1016.00425532,6.04571115014,165.0
Summer,NA,NA,NA,0.0305814395604,NA,NA,Le MansSummer,Le Mans,344893.0,NA,NA,NA,NA,NA,NA,NA,NA,66.8291282051,NA,1017.55353009,4.36594217208,85.5
Fall,NA,NA,NA,0.0191861611111,NA,NA,Le MansFall,Le Mans,344893.0,NA,NA,NA,NA,NA,NA,NA,NA,46.7191854706,NA,1011.3722878,4.83670612218,239.0
Winter,NA,NA,NA,0.0254743539326,NA,NA,MontaubanWinter,Montauban,105654.0,343.858653146,307.2599716,NA,NA,NA,NA,NA,NA,40.4438224147,NA,1013.3372549,4.5971237163,141.5
Spring,NA,NA,NA,0.0353245114943,NA,NA,MontaubanSpring,Montauban,105654.0,343.858653146,307.2599716,NA,NA,NA,NA,NA,NA,58.896587473,NA,1015.71387689,4.69103590497,246.7
Summer,NA,NA,NA,0.0340409494382,NA,NA,MontaubanSummer,Montauban,105654.0,343.858653146,307.2599716,NA,NA,NA,NA,NA,NA,70.5234459459,NA,1017.53757782,3.97885222523,77.7
Fall,NA,NA,NA,0.0210863373494,NA,NA,MontaubanFall,Montauban,105654.0,343.858653146,307.2599716,NA,NA,NA,NA,NA,NA,48.6900111982,NA,1012.81126761,4.15084937962,162.8
